date,open,high,close,low,volume,price_change,p_change
2017-03-01,1925.7,1938.68,1931.97,1923.75,8144560.5,4.81,0.25
2017-02-28,1926.14,1931.82,1927.16,1918.32,7828431.5,0.39,0.02
2017-02-27,1937.56,1943.98,1926.77,1923.53,9418535.0,-11.67,-0.6
2017-02-24,1925.1,1939.39,1938.44,1921.3,10466620.0,12.49,0.65
2017-02-23,1919.24,1925.95,1925.95,1906.81,9231558.0,5.98,0.31
2017-02-22,1921.55,1925.3,1919.97,1909.12,8582111.0,-1.11,-0.06
2017-02-21,1896.86,1924.03,1921.08,1895.43,10336038.0,26.12,1.38
2017-02-20,1884.99,1894.96,1894.96,1876.67,7227233.5,12.09,0.64
2017-02-17,1896.7,1904.87,1882.87,1881.0,7762939.5,-14.76,-0.78
2017-02-16,1891.87,1900.97,1897.63,1886.41,6811759.5,5.27,0.28
2017-02-15,1911.04,1920.29,1892.36,1890.09,8416104.0,-17.04,-0.89
2017-02-14,1914.14,1918.79,1909.4,1906.41,7436229.0,-4.28,-0.22
2017-02-13,1902.46,1919.2,1913.68,1894.15,8643653.0,9.0,0.47
2017-02-10,1913.23,1915.43,1904.68,1900.71,8299373.5,-9.4,-0.49
2017-02-09,1903.67,1916.41,1914.08,1901.88,8668234.0,10.45,0.55
2017-02-08,1887.34,1903.63,1903.63,1881.14,7381156.0,14.5,0.77
2017-02-07,1897.87,1900.35,1889.13,1881.73,6329100.0,-11.32,-0.6
2017-02-06,1877.14,1903.33,1900.45,1874.71,6581493.0,23.69,1.26
2017-02-03,1886.97,1888.81,1876.76,1872.7,5384174.5,-9.47,-0.5
2017-02-02,1887.87,1928.29,1928.05,1887.87,9518.39,41.82,2.22
2017-01-26,1872.14,1887.67,1886.23,1872.14,6104147.0,15.53,0.83
2017-01-25,1857.32,1874.63,1870.7,1856.22,5672933.0,9.48,0.51
2017-01-24,1885.24,1885.95,1861.22,1859.71,7576958.5,-26.1,-1.38
2017-01-23,1879.97,1897.1,1887.32,1879.71,7235846.5,6.57,0.35
2017-01-20,1844.37,1892.36,1880.75,1842.62,9893890.0,36.61,1.99
2017-01-19,1842.66,1853.11,1844.14,1833.5,5259778.0,-1.65,-0.09
2017-01-18,1860.24,1862.83,1845.79,1845.57,7120459.5,-22.08,-1.18
2017-01-17,1824.1,1875.8,1867.87,1805.39,10685370.0,37.02,2.02
2017-01-16,1897.45,1897.82,1830.85,1783.74,11832232.0,-69.09,-3.64
2017-01-13,1930.11,1934.48,1899.94,1899.11,7458726.5,-30.2,-1.56
2017-01-12,1935.52,1946.59,1930.14,1929.05,6744843.5,-7.41,-0.38
2017-01-11,1947.42,1959.3,1937.55,1932.46,7140994.0,-14.13,-0.72
2017-01-10,1960.1,1967.47,1951.68,1951.18,6318582.0,-9.94,-0.51
2017-01-09,1962.2,1968.87,1961.62,1951.49,7127300.5,-3.41,-0.17
2017-01-06,1980.84,1982.4,1965.03,1963.32,7968772.0,-18.94,-0.95
2017-01-05,1990.7,1993.71,1983.97,1983.84,7664510.5,-7.6,-0.38
2017-01-04,1963.02,1992.76,1991.57,1959.57,9966840.0,28.31,1.44
2017-01-03,1965.04,1971.91,1963.26,1959.14,7327997.0,1.2,0.06
2016-12-30,1961.22,1964.7,1962.06,1952.68,7256585.0,2.82,0.14
2016-12-29,1956.72,1971.94,1959.24,1955.62,6759931.0,2.09,0.11
2016-12-28,1968.15,1971.51,1957.15,1954.96,6005750.0,-11.47,-0.58
2016-12-27,1972.51,1977.31,1968.62,1968.57,6347849.5,-5.39,-0.27
2016-12-26,1959.19,1974.01,1974.01,1933.52,7708427.5,9.47,0.48
2016-12-23,1987.73,1992.21,1964.54,1964.23,7195153.5,-21.73,-1.09
2016-12-22,1993.04,1993.04,1986.27,1978.74,5820064.0,-5.43,-0.27
2016-12-21,1987.76,1996.1,1991.7,1985.05,6043199.5,9.4,0.47
2016-12-20,1981.69,1989.99,1982.3,1974.93,5939141.0,1.89,0.1
2016-12-19,1995.0,1995.0,1980.41,1976.77,6291467.5,-17.7,-0.89
2016-12-16,1977.86,2005.28,1998.11,1972.22,7731469.0,22.26,1.13
2016-12-15,1957.71,1991.32,1975.85,1956.55,8835405.0,12.77,0.65
2016-12-14,1982.98,1988.46,1963.08,1958.04,8414289.0,-21.96,-1.11
2016-12-13,1982.08,1995.35,1985.04,1961.91,9784018.0,0.65,0.03
2016-12-12,2095.58,2096.4,1984.39,1981.17,16139222.0,-115.5,-5.5
2016-12-09,2114.45,2118.63,2099.89,2097.09,10182685.0,-14.82,-0.7
2016-12-08,2135.79,2136.26,2114.71,2114.04,9250664.0,-20.28,-0.95
2016-12-07,2123.55,2134.99,2134.99,2116.54,8294182.0,12.73,0.6
2016-12-06,2149.75,2156.69,2122.26,2121.25,9733745.0,-21.62,-1.01
2016-12-05,2129.24,2162.3,2143.88,2124.75,10282947.0,0.43,0.02
2016-12-02,2180.39,2186.69,2143.45,2143.21,13119150.0,-38.48,-1.76
2016-12-01,2181.73,2188.09,2181.93,2175.5,12156105.0,-1.12,-0.05
2016-11-30,2157.54,2201.55,2183.05,2155.24,17791660.0,22.7,1.05
2016-11-29,2161.78,2178.19,2160.35,2153.72,14617537.0,-5.7,-0.26
2016-11-28,2172.97,2175.51,2166.05,2159.73,11846432.0,-1.48,-0.07
2016-11-25,2145.97,2167.53,2167.53,2123.74,13608576.0,20.9,0.97
2016-11-24,2159.61,2172.18,2146.63,2142.95,10549007.0,-19.08,-0.88
2016-11-23,2182.1,2191.26,2165.71,2163.0,15096672.0,-11.94,-0.55
2016-11-22,2156.52,2177.65,2177.65,2146.62,11125462.0,25.05,1.16
2016-11-21,2156.46,2162.37,2152.6,2147.05,8475311.0,-5.36,-0.25
2016-11-18,2164.71,2170.79,2157.96,2155.23,7756542.0,-5.08,-0.23
2016-11-17,2176.12,2176.12,2163.04,2157.54,9344911.0,-19.43,-0.89
2016-11-16,2187.5,2208.98,2182.47,2182.12,15704868.0,3.17,0.14
2016-11-15,2161.57,2179.3,2179.3,2152.38,13591229.0,17.61,0.81
2016-11-14,2146.83,2175.25,2161.69,2146.83,13823940.0,14.58,0.68
2016-11-11,2143.58,2147.11,2147.11,2125.49,12340072.0,3.79,0.18
2016-11-10,2143.56,2149.09,2143.32,2138.94,9005559.0,19.48,0.92
2016-11-09,2150.62,2154.85,2123.84,2098.56,11208038.0,-26.46,-1.23
2016-11-08,2138.45,2154.57,2150.3,2136.25,8908701.0,20.0,0.94
2016-11-07,2141.3,2145.82,2130.3,2126.95,9291182.0,-14.93,-0.7
2016-11-04,2151.92,2168.34,2145.23,2142.41,10557940.0,-7.95,-0.37
2016-11-03,2137.13,2167.93,2153.18,2135.28,11358574.0,6.78,0.32
2016-11-02,2170.81,2171.66,2146.4,2145.07,11109391.0,-30.05,-1.38
2016-10-28,2182.559,2192.902,2165.433,2165.03,10451183.0,-17.044,-0.78
2016-10-27,2182.905,2184.317,2182.477,2171.242,9341353.0,-2.016,-0.09
2016-10-26,2203.478,2204.842,2184.493,2179.756,11389606.0,-15.714,-0.71
2016-10-25,2202.792,2207.807,2200.207,2196.568,9560980.0,-0.596,-0.03
2016-10-24,2184.11,2204.357,2200.803,2176.924,11116745.0,19.807,0.91
2016-10-21,2196.845,2202.487,2180.996,2167.829,11446980.0,-12.259,-0.56
2016-10-20,2187.406,2199.064,2193.255,2184.35,9644504.0,8.345,0.38
2016-10-19,2200.531,2201.162,2184.91,2180.468,9622045.0,-13.231,-0.6
2016-10-18,2164.6,2198.141,2198.141,2164.6,9628963.0,30.279,1.4
2016-10-17,2199.182,2200.471,2167.862,2160.005,9532775.0,-26.365,-1.2
2016-10-14,2203.873,2203.873,2194.227,2178.913,9080539.0,-14.34,-0.65
2016-10-13,2211.755,2216.091,2208.567,2200.524,9113846.0,-1.118,-0.05
2016-10-12,2202.363,2216.521,2209.685,2198.889,9728406.0,-1.176,-0.05
2016-10-11,2207.434,2210.861,2210.861,2201.31,8803488.0,2.392,0.11
2016-10-10,2165.852,2208.469,2208.469,2163.405,10937795.0,58.568,2.72
2016-09-30,2144.472,2154.4,2149.901,2143.343,5640391.0,3.717,0.17
2016-09-29,2141.336,2155.416,2146.184,2140.978,6285022.0,6.556,0.31
2016-09-28,2143.724,2143.724,2139.628,2132.547,6509292.5,-1.175,-0.06
2016-09-27,2118.949,2140.803,2140.803,2112.702,7277514.0,17.903,0.84
2016-09-26,2154.399,2161.764,2122.9,2122.9,8670568.0,-33.61,-1.56
2016-09-23,2171.63,2173.494,2156.51,2156.036,7139097.0,-11.912,-0.55
2016-09-22,2174.298,2178.532,2168.422,2166.615,7425831.0,6.291,0.29
2016-09-21,2158.061,2170.085,2162.131,2157.38,6833986.0,3.699,0.17
2016-09-20,2164.419,2167.641,2158.432,2153.939,6226383.0,-6.781,-0.31
2016-09-19,2149.372,2174.402,2165.213,2149.372,7122704.0,20.656,0.96
2016-09-14,2137.396,2156.976,2144.557,2131.714,8118338.5,-1.311,-0.06
2016-09-13,2157.945,2165.577,2145.868,2139.339,8441238.0,0.305,0.01
2016-09-12,2163.451,2179.982,2145.563,2145.031,12429363.0,-57.404,-2.61
2016-09-09,2223.584,2228.537,2202.967,2202.967,10852276.0,-20.501,-0.92
2016-09-08,2211.393,2223.468,2223.468,2207.115,9526196.0,11.415,0.52
2016-09-07,2223.019,2232.121,2212.053,2208.833,12095709.0,-10.784,-0.48
2016-09-06,2183.226,2225.255,2222.837,2161.925,12993775.0,40.143,1.84
2016-09-05,2178.634,2199.654,2182.694,2178.094,8786131.0,11.837,0.55
2016-09-02,2176.391,2187.694,2170.857,2160.115,10194717.0,-10.469,-0.48
2016-09-01,2192.94,2201.284,2181.326,2181.326,9310264.0,-10.432,-0.48
2016-08-31,2194.606,2198.251,2191.758,2175.839,8950788.0,-3.773,-0.17
2016-08-30,2197.486,2210.397,2195.531,2193.07,9195772.0,2.331,0.11
2016-08-29,2187.723,2209.252,2193.2,2183.811,10617017.0,3.451,0.16
2016-08-26,2186.004,2211.628,2189.749,2182.106,12324771.0,9.089,0.42
2016-08-25,2179.014,2183.729,2180.66,2152.113,12363501.0,-11.51,-0.53
2016-08-24,2178.527,2204.798,2192.17,2176.347,11938671.0,18.012,0.83
2016-08-23,2168.338,2186.736,2174.158,2160.296,8888141.0,6.758,0.31
2016-08-22,2205.575,2213.41,2167.4,2167.4,11157703.0,-37.156,-1.69
2016-08-19,2200.681,2211.062,2204.556,2194.111,10110201.0,2.962,0.14
2016-08-18,2204.954,2213.304,2201.594,2191.933,12230952.0,-6.601,-0.3
2016-08-17,2200.235,2218.289,2208.195,2195.367,12322148.0,7.099,0.32
2016-08-16,2195.024,2211.007,2201.096,2192.969,14031464.0,7.885,0.36
2016-08-15,2126.79,2200.918,2193.211,2112.25,17899444.0,69.37,3.27
2016-08-12,2098.773,2123.865,2123.841,2097.909,7408593.0,20.446,0.97
2016-08-11,2134.604,2139.195,2103.395,2103.395,8555221.0,-33.606,-1.57
2016-08-10,2155.386,2164.625,2137.001,2136.831,9273979.0,-17.504,-0.81
2016-08-09,2128.64,2154.505,2154.505,2128.218,10306897.0,23.911,1.12
2016-08-08,2102.241,2130.594,2130.594,2083.98,8364470.0,21.539,1.02
2016-08-05,2128.74,2129.328,2109.055,2107.438,8018039.0,-20.597,-0.97
2016-08-04,2107.623,2133.176,2129.652,2102.272,9103905.0,21.338,1.01
2016-08-03,2110.234,2117.617,2108.314,2096.731,7799222.5,-4.9,-0.23
2016-08-02,2096.55,2114.953,2113.214,2094.116,7552176.0,14.035,0.67
2016-08-01,2113.674,2118.09,2099.179,2066.175,11030562.0,-23.233,-1.09
2016-07-29,2144.272,2147.194,2122.412,2109.132,10217499.0,-17.332,-0.81
2016-07-28,2150.318,2166.603,2139.744,2109.868,14281276.0,-15.642,-0.73
2016-07-27,2282.066,2284.283,2155.386,2138.781,22255144.0,-124.164,-5.45
2016-07-26,2245.937,2279.55,2279.55,2245.937,12447831.0,33.665,1.5
2016-07-25,2245.864,2264.438,2245.885,2235.446,12398386.0,-4.114,-0.18
2016-07-22,2262.102,2269.551,2249.999,2248.303,13498455.0,-15.129,-0.67
2016-07-21,2266.083,2289.668,2265.128,2259.202,14547040.0,-3.407,-0.15
2016-07-20,2272.644,2288.647,2268.535,2268.527,14955571.0,-5.184,-0.23
2016-07-19,2249.735,2273.719,2273.719,2236.996,15279341.0,23.848,1.06
2016-07-18,2257.418,2268.789,2249.871,2234.209,14307802.0,-13.913,-0.61
2016-07-15,2289.103,2293.085,2263.784,2260.163,17670910.0,-29.295,-1.28
2016-07-14,2282.157,2295.588,2293.079,2273.421,20113200.0,7.71,0.34
2016-07-13,2258.263,2299.859,2285.369,2250.64,23655174.0,38.015,1.69
2016-07-12,2218.019,2247.354,2247.354,2182.03,18671280.0,28.766,1.3
2016-07-11,2242.26,2252.664,2218.588,2216.568,16477805.0,-20.414,-0.91
2016-07-08,2231.969,2257.318,2239.002,2220.205,15557363.0,5.08,0.23
2016-07-07,2240.895,2247.584,2233.922,2212.414,16795982.0,-7.638,-0.34
2016-07-06,2239.758,2246.73,2241.56,2229.266,13738410.0,-4.464,-0.2
2016-07-05,2253.689,2259.287,2246.024,2229.001,16139171.0,-2.688,-0.12
2016-07-04,2195.622,2254.15,2248.712,2193.844,17784634.0,37.535,1.7
2016-07-01,2231.182,2241.628,2211.177,2203.933,14668384.0,-16.613,-0.75
2016-06-30,2213.602,2233.279,2227.79,2206.805,17941508.0,18.002,0.81
2016-06-29,2228.506,2238.353,2209.788,2203.489,18443876.0,-6.922,-0.31
2016-06-28,2181.412,2221.462,2216.71,2173.532,23215990.0,24.904,1.14
2016-06-27,2111.1,2194.128,2191.806,2110.603,21030922.0,64.442,3.03
2016-06-24,2131.154,2157.941,2127.364,2060.196,19922672.0,-10.121,-0.47
2016-06-23,2144.583,2153.58,2137.485,2115.839,16837016.0,-7.333,-0.34
2016-06-22,2085.98,2144.818,2144.818,2085.65,14222178.0,52.817,2.52
2016-06-21,2135.462,2153.228,2092.001,2083.692,16048069.0,-27.629,-1.3
2016-06-20,2117.986,2127.677,2119.63,2088.286,11924628.0,-3.26,-0.15
2016-06-17,2109.574,2154.517,2122.89,2105.238,15627914.0,21.474,1.02
2016-06-16,2124.156,2137.183,2101.416,2097.346,17067786.0,-27.383,-1.29
2016-06-15,2033.6,2143.453,2128.799,2031.667,17777760.0,70.485,3.42
2016-06-14,2045.211,2070.151,2058.314,2032.437,12691213.0,3.607,0.18
2016-06-13,2150.392,2165.283,2054.707,2054.707,18354660.0,-131.837,-6.03
2016-06-08,2191.27,2201.526,2186.544,2166.965,15083478.0,-10.183,-0.46
2016-06-07,2202.041,2204.184,2196.727,2181.295,14432062.0,-2.574,-0.12
2016-06-06,2212.457,2219.275,2199.301,2181.985,16256231.0,-5.673,-0.26
2016-06-03,2176.358,2236.578,2204.974,2175.815,22973700.0,16.416,0.75
2016-06-02,2163.588,2188.558,2188.558,2160.251,16283821.0,19.738,0.91
2016-06-01,2164.727,2188.884,2168.82,2163.049,20189498.0,9.02,0.42
2016-05-31,2061.839,2160.527,2159.8,2060.141,21485082.0,101.282,4.92
2016-05-30,2054.617,2083.83,2058.518,2033.665,10960379.0,-11.367,-0.55
2016-05-27,2076.297,2090.168,2069.885,2065.374,11795699.0,-16.122,-0.77
2016-05-26,2060.427,2086.49,2086.007,2019.297,13415970.0,18.754,0.91
2016-05-25,2091.972,2111.26,2067.253,2062.64,13310049.0,-8.256,-0.4
2016-05-24,2094.21,2094.21,2075.509,2061.517,12318603.0,-22.725,-1.08
2016-05-23,2072.997,2107.049,2098.234,2072.997,13928264.0,32.933,1.59
2016-05-20,2018.382,2065.301,2065.301,2013.532,10424853.0,27.898,1.37
2016-05-19,2023.958,2076.484,2037.403,2023.958,12323461.0,16.928,0.84
2016-05-18,2062.811,2062.811,2020.475,2000.526,12268130.0,-60.965,-2.93
2016-05-17,2059.515,2107.731,2081.44,2036.884,13540442.0,23.583,1.15
2016-05-16,2017.843,2057.857,2057.857,2008.54,9415721.0,32.634,1.61
2016-05-13,2030.941,2058.656,2025.223,2013.863,8301000.5,-9.342,-0.46
2016-05-12,2006.258,2039.318,2034.565,1975.065,9177546.0,-0.36,-0.02
2016-05-11,2067.69,2073.834,2034.925,2032.296,9382617.0,-19.297,-0.94
2016-05-10,2051.376,2067.617,2054.222,2044.281,7658732.0,0.625,0.03
2016-05-09,2107.333,2107.333,2053.597,2045.122,12230331.0,-75.597,-3.55
2016-05-06,2226.444,2235.959,2129.194,2129.194,16054793.0,-94.901,-4.27
2016-05-05,2208.397,2226.553,2224.095,2198.762,10800328.0,13.077,0.59
2016-05-04,2210.13,2233.591,2211.018,2206.264,13671722.0,-6.212,-0.28
2016-05-03,2138.963,2217.23,2217.23,2126.874,14551232.0,78.492,3.67
2016-04-29,2141.58,2162.194,2138.738,2138.738,8024640.0,-16.491,-0.77
2016-04-28,2149.102,2158.492,2155.229,2108.268,10123270.0,8.618,0.4
2016-04-27,2162.762,2176.333,2146.611,2142.462,10479200.0,-9.086,-0.42
2016-04-26,2123.874,2155.697,2155.697,2119.379,8911518.0,28.863,1.36
2016-04-25,2128.655,2130.06,2126.834,2083.635,9557991.0,-10.09,-0.47
2016-04-22,2093.781,2136.924,2136.924,2090.95,10471912.0,26.762,1.27
2016-04-21,2135.932,2160.258,2110.162,2106.968,12784063.0,-35.077,-1.64
2016-04-20,2279.758,2284.104,2145.239,2119.424,21667036.0,-127.281,-5.6
2016-04-19,2278.307,2289.049,2272.52,2253.592,13004320.0,6.927,0.31
2016-04-18,2288.42,2288.42,2265.593,2249.339,14309772.0,-44.083,-1.91
2016-04-15,2328.312,2328.312,2309.676,2297.675,14526977.0,-14.718,-0.63
2016-04-14,2310.596,2325.378,2324.394,2289.567,18334978.0,30.379,1.32
2016-04-13,2278.522,2330.055,2294.015,2278.522,21776634.0,29.999,1.32
2016-04-12,2283.211,2289.545,2264.016,2236.442,17078210.0,-19.127,-0.84
2016-04-11,2255.069,2301.412,2283.143,2255.069,19946626.0,53.209,2.39
2016-04-08,2230.951,2239.805,2229.934,2194.234,17946972.0,-18.75,-0.83
2016-04-07,2310.923,2316.629,2248.684,2248.684,20302346.0,-48.357,-2.1
2016-04-06,2274.772,2305.409,2297.041,2271.502,20912036.0,17.521,0.77
2016-04-05,2207.464,2285.201,2279.52,2205.438,19764938.0,74.151,3.36
2016-04-01,2223.377,2226.998,2205.369,2171.341,15701246.0,-32.917,-1.47
2016-03-31,2256.431,2271.964,2238.286,2232.302,18124976.0,-10.497,-0.47
2016-03-30,2172.741,2248.783,2248.783,2172.741,17405976.0,96.235,4.47
2016-03-29,2190.875,2194.885,2152.548,2130.851,14170516.0,-47.137,-2.14
2016-03-28,2233.131,2259.131,2199.685,2192.35,16260472.0,-16.401,-0.74
2016-03-25,2209.26,2232.073,2216.086,2183.601,15154009.0,-3.684,-0.17
2016-03-24,2234.215,2277.917,2219.77,2217.843,21400930.0,-39.336,-1.74
2016-03-23,2214.87,2259.106,2259.106,2205.072,19052794.0,37.404,1.68
2016-03-22,2201.194,2248.186,2221.702,2189.935,21060006.0,-5.332,-0.24
2016-03-21,2214.913,2234.35,2227.034,2191.662,25540998.0,49.164,2.26
2016-03-18,2102.19,2194.355,2177.87,2102.079,25596840.0,90.577,4.34
2016-03-17,1986.144,2089.136,2087.293,1986.144,21074140.0,109.755,5.55
2016-03-16,2029.919,2039.486,1977.538,1961.418,12220455.0,-19.382,-0.97
2016-03-15,2016.807,2034.702,1996.92,1995.456,12167060.0,-26.208,-1.29
2016-03-14,1962.105,2048.497,2023.128,1962.105,16134405.0,88.258,4.56
2016-03-11,1911.325,1948.601,1934.87,1903.924,8487656.0,-2.098,-0.11
2016-03-10,1968.766,1991.357,1936.968,1935.119,10508018.0,-33.845,-1.72
2016-03-09,1962.277,2015.706,1970.813,1947.045,13303672.0,-31.378,-1.57
2016-03-08,1944.648,2002.191,2002.191,1865.65,15627422.0,48.859,2.5
2016-03-07,1935.093,1995.937,1953.332,1935.093,11623161.0,46.291,2.43
2016-03-04,1994.061,2003.689,1907.041,1895.396,15220975.0,-100.035,-4.98
2016-03-03,2014.179,2063.531,2007.076,2006.707,16805474.0,-10.528,-0.52
2016-03-02,1930.842,2022.863,2017.604,1925.023,16949154.0,82.685,4.27
2016-03-01,1881.321,1952.432,1934.919,1841.224,13456661.0,54.773,2.91
2016-02-29,2000.572,2000.572,1880.146,1866.25,13247568.0,-134.774,-6.69
2016-02-26,2045.51,2057.802,2014.92,1980.166,12366693.0,-22.223,-1.09
2016-02-25,2198.928,2198.928,2037.143,2030.42,15298955.0,-166.598,-7.56
2016-02-24,2212.589,2230.006,2203.741,2154.274,12884022.0,-14.378,-0.65
2016-02-23,2245.75,2249.691,2218.119,2189.527,13926610.0,-27.445,-1.22
2016-02-22,2235.17,2245.564,2245.564,2216.156,15090615.0,34.558,1.56
2016-02-19,2186.015,2230.216,2211.006,2182.959,13407242.0,20.095,0.92
2016-02-18,2230.799,2239.91,2190.911,2188.187,14019501.0,-24.43,-1.1
2016-02-17,2197.925,2219.783,2215.341,2170.998,14618497.0,13.416,0.61
2016-02-16,2128.056,2208.572,2201.925,2128.056,13912171.0,85.087,4.02
2016-02-15,2029.556,2130.362,2116.838,2029.556,10100668.0,19.852,0.95
2016-02-05,2127.347,2141.556,2096.986,2096.986,9064703.0,-29.65,-1.39
2016-02-04,2095.617,2142.869,2126.636,2095.617,13143008.0,36.123,1.73
2016-02-03,2049.324,2105.38,2090.513,2034.602,12089846.0,15.226,0.73
2016-02-02,1996.594,2089.214,2075.287,1996.594,13287649.0,82.592,4.14
2016-02-01,1989.207,2011.679,1992.695,1956.92,11156089.0,-1.37,-0.07
2016-01-29,1908.262,2011.057,1994.065,1907.289,12809875.0,87.604,4.59
2016-01-28,1969.309,1990.916,1906.461,1900.882,11454204.0,-91.004,-4.56
2016-01-27,1997.316,2012.296,1997.465,1888.25,15926521.0,3.418,0.17
2016-01-26,2132.217,2135.565,1994.047,1990.514,13385708.0,-164.777,-7.63
2016-01-25,2165.726,2185.213,2158.824,2136.875,11334178.0,9.238,0.43
2016-01-22,2140.281,2161.236,2149.586,2078.117,13609891.0,37.182,1.76
2016-01-21,2173.315,2241.471,2112.404,2112.404,14945203.0,-92.244,-4.18
2016-01-20,2222.601,2249.355,2204.648,2190.505,15451189.0,-37.048,-1.65
2016-01-19,2170.094,2244.785,2241.696,2148.72,17700322.0,66.762,3.07
2016-01-18,2074.858,2206.835,2174.934,2074.858,16267627.0,62.032,2.94
2016-01-15,2160.174,2184.563,2112.902,2096.186,15910294.0,-62.11,-2.86
2016-01-14,1991.232,2179.379,2175.012,1989.865,15648666.0,115.236,5.59
2016-01-13,2160.323,2174.227,2059.776,2059.776,12465369.0,-87.755,-4.09
2016-01-12,2117.251,2179.088,2147.531,2087.272,14396597.0,41.173,1.96
2016-01-11,2188.188,2230.423,2106.358,2105.771,15208927.0,-142.632,-6.34
2016-01-08,2297.592,2318.123,2248.99,2142.326,16502294.0,-7.534,-0.33
2016-01-07,2415.329,2415.329,2256.524,2254.496,3875525.5,-211.842,-8.58
2016-01-06,2433.358,2472.19,2468.366,2388.69,14194459.0,51.641,2.14
2016-01-05,2353.233,2481.202,2416.725,2333.608,18289330.0,-74.515,-2.99
2016-01-04,2706.275,2710.299,2491.24,2490.469,12240174.0,-222.808,-8.21
2015-12-31,2780.539,2785.656,2714.048,2713.689,12958632.0,-65.465,-2.35
2015-12-30,2758.25,2781.84,2779.513,2749.289,13512855.0,29.691,1.08
2015-12-29,2732.554,2749.822,2749.822,2710.199,12769370.0,14.337,0.52
2015-12-28,2809.519,2823.748,2735.485,2735.485,15497676.0,-59.245,-2.12
2015-12-25,2807.514,2820.532,2794.73,2777.457,12162059.0,-1.05,-0.04
2015-12-24,2775.984,2801.565,2795.78,2735.969,13241042.0,11.838,0.42
2015-12-23,2845.434,2848.829,2783.942,2779.926,16247176.0,-55.91,-1.97
2015-12-22,2836.957,2849.36,2839.852,2811.606,13134517.0,9.931,0.35
2015-12-21,2825.315,2836.608,2829.921,2800.349,14937293.0,-0.338,-0.01
2015-12-18,2836.916,2850.693,2830.259,2801.635,17824894.0,-5.442,-0.19
2015-12-17,2784.97,2835.701,2835.701,2784.97,20055960.0,72.587,2.63
2015-12-16,2760.256,2789.276,2763.114,2749.795,15083848.0,17.414,0.63
2015-12-15,2718.251,2764.795,2745.7,2718.251,14459221.0,36.435,1.34
2015-12-14,2642.817,2709.265,2709.265,2622.473,13383007.0,37.973,1.42
2015-12-11,2686.305,2701.686,2671.292,2666.887,13643433.0,-24.215,-0.9
2015-12-10,2665.275,2729.238,2695.507,2663.374,16327733.0,27.595,1.03
2015-12-09,2677.587,2699.636,2667.912,2650.445,16154545.0,-23.746,-0.88
2015-12-08,2723.619,2731.715,2691.658,2678.661,18705172.0,-46.491,-1.7
2015-12-07,2699.337,2751.239,2738.149,2687.022,16420046.0,45.988,1.71
2015-12-04,2702.563,2749.179,2692.161,2679.351,17844634.0,-15.962,-0.59
2015-12-03,2622.486,2710.807,2708.123,2622.486,17065282.0,94.86,3.63
2015-12-02,2653.237,2660.115,2613.263,2525.342,15900286.0,-42.082,-1.58
2015-12-01,2669.302,2700.346,2655.345,2621.167,17104022.0,-17.236,-0.65
2015-11-30,2658.972,2687.047,2672.581,2507.381,22206196.0,23.031,0.87
2015-11-27,2819.364,2844.053,2649.55,2629.125,24403852.0,-183.648,-6.48
2015-11-26,2911.853,2915.95,2833.198,2831.381,23759484.0,-64.371,-2.22
2015-11-25,2813.51,2906.796,2897.569,2806.819,24705878.0,81.521,2.9
2015-11-24,2767.723,2816.048,2816.048,2739.517,19467264.0,45.471,1.64
2015-11-23,2797.122,2839.843,2770.577,2759.306,25839668.0,-29.573,-1.06
2015-11-20,2783.036,2817.961,2800.15,2757.839,28888696.0,29.398,1.06
2015-11-19,2678.355,2770.752,2770.752,2676.755,22563938.0,109.587,4.12
2015-11-18,2727.61,2741.327,2661.165,2655.061,19646366.0,-55.887,-2.06
2015-11-17,2834.98,2847.899,2717.052,2711.583,28119738.0,-80.11,-2.86
2015-11-16,2656.574,2797.162,2797.162,2654.636,20974444.0,87.001,3.21
2015-11-13,2751.386,2772.815,2710.161,2681.606,25001146.0,-73.137,-2.63
2015-11-12,2818.568,2827.711,2783.298,2743.26,28310940.0,-21.379,-0.76
2015-11-11,2738.584,2806.536,2804.677,2730.52,27655098.0,58.068,2.11
2015-11-10,2710.899,2783.118,2746.609,2700.286,24161190.0,21.99,0.81
2015-11-09,2653.309,2747.787,2724.619,2612.263,25798448.0,63.207,2.38
2015-11-06,2571.656,2666.399,2661.412,2571.656,24149370.0,96.69,3.77
2015-11-05,2587.819,2630.826,2564.722,2542.848,25809208.0,-19.595,-0.76
2015-11-04,2451.227,2584.317,2584.317,2451.227,22827966.0,155.047,6.38
2015-11-03,2444.051,2461.331,2429.27,2407.553,13646597.0,-2.768,-0.11
2015-11-02,2416.1,2513.323,2432.038,2408.779,15840041.0,-46.239,-1.87
2015-10-30,2475.229,2534.472,2478.277,2439.158,17408714.0,-6.999,-0.28
2015-10-29,2504.854,2528.704,2485.276,2436.777,14051444.0,0.041,0.0
2015-10-28,2551.701,2583.819,2485.235,2473.465,19012052.0,-78.723,-3.07
2015-10-27,2497.155,2586.948,2563.958,2423.597,20936166.0,36.481,1.44
2015-10-26,2570.128,2570.128,2527.477,2481.589,24660640.0,-10.906,-0.43
2015-10-23,2488.306,2549.763,2538.383,2461.492,25269488.0,80.245,3.26
2015-10-22,2355.157,2465.104,2458.138,2355.157,22092728.0,113.398,4.84
2015-10-21,2504.784,2527.771,2344.74,2335.663,26526040.0,-166.424,-6.63
2015-10-20,2430.183,2520.084,2511.164,2427.784,21095374.0,77.565,3.19
2015-10-19,2465.11,2466.477,2433.599,2398.34,20147794.0,-15.431,-0.63
2015-10-16,2424.62,2452.94,2449.03,2401.093,22128934.0,44.497,1.85
2015-10-15,2300.617,2406.208,2404.533,2296.795,21002800.0,99.53,4.32
2015-10-14,2330.083,2350.594,2305.003,2295.597,17811336.0,-37.036,-1.58
2015-10-13,2297.932,2351.521,2342.039,2290.639,17896284.0,25.257,1.09
2015-10-12,2233.605,2344.207,2316.782,2232.271,21355824.0,100.126,4.52
2015-10-09,2190.839,2230.028,2216.656,2184.552,17107822.0,26.345,1.2
2015-10-08,2153.118,2210.035,2190.311,2138.541,16881108.0,107.638,5.17
2015-10-07,2113.027,2128.83,2115.845,2112.58,340675.5,33.172,1.59
2015-09-30,2111.987,2124.289,2082.673,2049.425,11351640.0,-15.894,-0.76
2015-09-29,2089.538,2135.512,2098.567,2075.972,15204186.0,-23.69,-1.12
2015-09-28,2024.892,2124.062,2122.257,2007.916,14308872.0,101.285,5.01
2015-09-25,2091.854,2106.954,2020.972,2002.45,15507784.0,-85.622,-4.06
2015-09-24,2090.557,2130.465,2106.594,2084.31,17553474.0,28.604,1.38
2015-09-23,2039.487,2103.224,2077.99,2036.063,14922606.0,-0.728,-0.04
2015-09-22,2082.336,2108.559,2078.718,2042.133,18312348.0,-0.342,-0.02
2015-09-21,1950.328,2080.219,2079.06,1945.354,17143502.0,95.762,4.83
2015-09-18,1948.116,1995.497,1983.298,1922.142,14501813.0,50.001,2.59
2015-09-17,1943.285,2020.554,1933.297,1922.799,17974048.0,7.052,0.37
2015-09-16,1813.727,1928.778,1926.245,1808.748,13649238.0,128.688,7.16
2015-09-15,1843.23,1892.809,1797.557,1794.292,12642825.0,-108.657,-5.7
2015-09-14,2068.202,2075.671,1906.214,1905.203,12874800.0,-154.291,-7.49
2015-09-11,2039.012,2084.051,2060.505,2029.811,12532679.0,21.387,1.05
2015-09-10,2030.032,2078.423,2039.118,2024.892,14392333.0,-32.599,-1.57
2015-09-09,2023.305,2102.225,2071.717,2017.098,22026872.0,70.561,3.53
2015-09-08,1875.674,2004.81,2001.156,1859.205,15813931.0,107.635,5.68
2015-09-07,1882.859,1953.397,1893.521,1878.263,16568997.0,38.489,2.08
2015-09-02,1787.709,1953.914,1855.032,1779.181,17259360.0,-34.459,-1.82
2015-09-01,1959.455,1959.455,1889.491,1877.361,14093049.0,-107.374,-5.38
2015-08-31,2056.286,2058.852,1996.865,1987.576,14476517.0,-85.259,-4.09
2015-08-28,1990.345,2086.872,2082.124,1960.393,19047124.0,122.63,6.26
2015-08-27,1924.778,1959.982,1959.494,1843.186,17904960.0,69.458,3.67
2015-08-26,1975.923,2044.656,1890.036,1875.029,19339682.0,-100.67,-5.06
2015-08-25,1996.043,2048.026,1990.706,1987.124,12050757.0,-161.908,-7.52
2015-08-24,2222.542,2246.55,2152.614,2152.614,9725534.0,-189.34,-8.09
2015-08-21,2452.615,2480.675,2341.954,2340.917,13140844.0,-166.863,-6.65
2015-08-20,2556.772,2610.895,2508.817,2508.349,14996965.0,-61.874,-2.41
2015-08-19,2427.937,2584.36,2570.691,2359.166,16762195.0,66.519,2.66
2015-08-18,2674.422,2720.575,2504.172,2488.608,19159772.0,-162.115,-6.08
2015-08-17,2665.373,2676.715,2666.287,2613.784,13488686.0,-7.735,-0.29
2015-08-14,2713.784,2725.466,2674.022,2664.416,15087068.0,-10.236,-0.38
2015-08-13,2608.74,2684.258,2684.258,2578.907,13616738.0,62.07,2.37
2015-08-12,2658.843,2700.401,2622.188,2622.188,13864486.0,-76.724,-2.84
2015-08-11,2705.037,2747.832,2698.912,2675.147,18026770.0,-7.806,-0.29
2015-08-10,2606.735,2726.9,2706.718,2593.414,18239544.0,129.725,5.03
2015-08-07,2509.963,2586.529,2576.993,2505.274,15553370.0,96.067,3.87
2015-08-06,2441.955,2517.991,2480.926,2430.53,12142614.0,-21.115,-0.84
2015-08-05,2542.269,2584.191,2502.041,2480.445,18245428.0,-44.121,-1.73
2015-08-04,2396.408,2546.162,2546.162,2380.281,17577914.0,146.889,6.12
2015-08-03,2475.328,2494.801,2399.273,2371.479,18499054.0,-140.571,-5.54
2015-07-31,2507.265,2605.344,2539.844,2499.245,16712347.0,-21.347,-0.83
2015-07-30,2671.455,2707.759,2561.191,2556.093,20107766.0,-132.674,-4.92
2015-07-29,2617.938,2693.99,2693.865,2483.916,23028010.0,111.903,4.33
2015-07-28,2546.406,2705.184,2581.962,2492.189,25486582.0,-101.484,-3.78
2015-07-27,2822.374,2924.08,2683.446,2683.051,23062916.0,-214.378,-7.4
2015-07-24,2976.935,3014.177,2897.824,2879.264,22685882.0,-70.128,-2.36
2015-07-23,2896.249,2969.347,2967.952,2864.428,20453252.0,70.579,2.44
2015-07-22,2882.061,2932.06,2897.373,2828.447,21116864.0,14.476,0.5
2015-07-21,2802.022,2917.407,2882.897,2779.533,20576328.0,34.594,1.22
2015-07-20,2820.723,2907.148,2848.303,2777.914,24973320.0,64.979,2.33
2015-07-17,2651.44,2805.798,2783.324,2646.501,20353928.0,156.248,5.95
2015-07-16,2526.647,2698.155,2627.076,2439.239,21895142.0,37.045,1.43
2015-07-15,2750.655,2750.655,2590.031,2583.462,22188240.0,-136.017,-4.99
2015-07-14,2725.043,2827.551,2726.048,2715.975,15534561.0,42.974,1.6
2015-07-13,2612.768,2683.074,2683.074,2592.196,11165850.0,147.185,5.8
2015-07-10,2487.388,2535.889,2535.889,2478.865,6957866.0,100.134,4.11
2015-07-09,2338.109,2435.755,2435.755,2338.109,9349042.0,71.706,3.03
2015-07-08,2304.761,2364.08,2364.049,2304.761,15828311.0,12.039,0.51
2015-07-07,2398.103,2415.681,2352.01,2350.966,9891903.0,-141.818,-5.69
2015-07-06,2795.671,2795.671,2493.828,2417.558,23671806.0,-111.448,-4.28
2015-07-03,2559.025,2788.763,2605.276,2458.285,22300358.0,-44.04,-1.66
2015-07-02,2756.245,2825.153,2649.316,2591.05,20405232.0,-110.092,-3.99
2015-07-01,2842.166,3008.194,2759.408,2743.606,23090570.0,-99.198,-3.47
2015-06-30,2566.017,2875.09,2858.606,2485.456,23935744.0,168.846,6.28
2015-06-29,2943.504,2950.129,2689.76,2663.438,16987214.0,-230.943,-7.91
2015-06-26,3078.398,3078.398,2920.703,2915.939,14602158.0,-285.678,-8.91
2015-06-25,3403.628,3408.232,3206.381,3172.368,15386743.0,-177.023,-5.23
2015-06-24,3425.569,3459.46,3383.404,3304.672,15831177.0,-10.536,-0.31
2015-06-23,3314.885,3397.266,3393.94,3154.602,16332555.0,78.964,2.38
2015-06-19,3408.526,3476.033,3314.976,3304.65,16048859.0,-189.578,-5.41
2015-06-18,3734.91,3752.179,3504.554,3497.732,15820256.0,-236.803,-6.33
2015-06-17,3586.371,3754.369,3741.357,3511.11,17017692.0,150.688,4.2
2015-06-16,3636.787,3669.818,3590.669,3475.354,18433278.0,-105.358,-2.85
2015-06-15,3919.356,3919.356,3696.027,3688.89,18918534.0,-203.678,-5.22
2015-06-12,3889.155,3922.698,3899.705,3850.591,17990346.0,37.567,0.97
2015-06-11,3843.98,3884.371,3862.138,3815.06,17807538.0,27.439,0.72
2015-06-10,3695.064,3876.851,3834.699,3676.761,17571078.0,129.163,3.49
2015-06-09,3664.372,3793.365,3705.536,3633.724,16251063.0,0.983,0.03
2015-06-08,3862.801,3862.801,3704.553,3643.035,17872656.0,-181.279,-4.67
2015-06-05,3994.44,4037.959,3885.832,3841.415,18124738.0,-57.635,-1.46
2015-06-04,3991.797,4015.203,3943.467,3695.826,18215644.0,-38.784,-0.97
2015-06-03,3949.284,4011.039,3982.251,3838.224,19103064.0,80.708,2.07
2015-06-02,3757.104,3912.481,3901.543,3756.092,18436132.0,182.79,4.92
2015-06-01,3580.077,3722.864,3718.753,3580.077,15686813.0,175.909,4.96
2015-05-29,3444.062,3595.168,3542.844,3328.457,17368776.0,109.862,3.2
2015-05-28,3618.339,3677.325,3432.982,3432.982,20439582.0,-195.691,-5.39
2015-05-27,3638.21,3662.98,3628.673,3546.584,19933554.0,10.442,0.29
2015-05-26,3471.795,3619.485,3618.231,3471.795,18796696.0,150.315,4.33
2015-05-25,3415.668,3499.535,3467.916,3370.836,17747192.0,-48.711,-1.39
2015-05-22,3594.589,3618.236,3516.627,3438.566,22957870.0,-10.786,-0.31
2015-05-21,3421.611,3531.842,3527.413,3421.447,17986736.0,121.129,3.56
2015-05-20,3339.17,3471.949,3406.284,3339.17,18483626.0,83.51,2.51
2015-05-19,3310.091,3340.42,3322.774,3206.778,16484613.0,44.291,1.35
2015-05-18,3178.369,3286.408,3278.483,3178.369,16579559.0,133.148,4.23
2015-05-15,3109.114,3176.115,3145.335,3059.859,16278742.0,3.742,0.12
2015-05-14,3174.448,3228.031,3141.593,3137.275,18214778.0,-50.554,-1.58
2015-05-13,3185.342,3271.175,3192.147,3123.918,19555484.0,-58.149,-1.79
2015-05-12,3176.543,3254.99,3250.296,3133.964,20718040.0,103.466,3.29
2015-05-11,3015.433,3150.492,3146.83,2991.328,21111860.0,173.234,5.83
2015-05-08,2838.97,2974.367,2973.596,2838.97,16931098.0,167.549,5.97
2015-05-07,2824.82,2879.682,2806.047,2801.465,12371650.0,-40.511,-1.42
2015-05-06,2806.299,2927.026,2846.558,2806.299,14806440.0,63.115,2.27
2015-05-05,2830.794,2845.711,2783.443,2753.87,11942583.0,-61.809,-2.17
2015-05-04,2868.102,2884.442,2845.252,2803.817,13214881.0,-12.638,-0.44
2015-04-30,2825.161,2918.745,2857.89,2825.161,15267243.0,60.366,2.16
2015-04-29,2693.481,2798.515,2797.524,2674.757,13890635.0,109.55,4.08
2015-04-28,2764.406,2779.2,2687.974,2650.425,14416597.0,-59.523,-2.17
2015-04-27,2781.597,2806.755,2747.497,2737.148,13642036.0,12.747,0.47
2015-04-24,2689.907,2747.624,2734.75,2672.203,14680574.0,28.565,1.06
2015-04-23,2656.177,2718.263,2706.185,2656.177,15689521.0,71.254,2.7
2015-04-22,2610.738,2655.373,2634.931,2610.738,15618092.0,68.84,2.68
2015-04-21,2443.12,2566.091,2566.091,2443.12,13370884.0,141.243,5.83
2015-04-20,2462.406,2493.196,2424.848,2411.34,14085498.0,-39.142,-1.59
2015-04-17,2507.472,2511.981,2463.99,2453.281,13950362.0,-20.34,-0.82
2015-04-16,2420.931,2532.305,2484.33,2407.851,12556890.0,42.591,1.74
2015-04-15,2548.992,2548.992,2441.739,2441.739,14275999.0,-117.109,-4.58
2015-04-14,2584.586,2593.7,2558.848,2539.938,14653230.0,-18.928,-0.73
2015-04-13,2558.186,2596.922,2577.776,2545.258,15415818.0,24.947,0.98
2015-04-10,2475.555,2567.683,2552.829,2457.821,13792207.0,56.342,2.26
2015-04-09,2481.688,2501.296,2496.487,2346.888,16435610.0,8.329,0.34
2015-04-08,2566.937,2568.087,2488.158,2442.816,16881040.0,-68.54,-2.68
2015-04-07,2530.072,2557.874,2556.698,2522.262,14980178.0,46.538,1.85
2015-04-03,2469.847,2515.575,2510.16,2460.938,14909877.0,34.835,1.41
2015-04-02,2434.764,2475.325,2475.325,2420.187,15562804.0,70.416,2.93
2015-04-01,2346.996,2407.49,2404.909,2345.75,12903992.0,69.738,2.99
2015-03-31,2294.317,2358.206,2335.171,2288.311,12866258.0,44.695,1.95
2015-03-30,2319.307,2332.603,2290.476,2266.846,12196594.0,-33.342,-1.44
2015-03-27,2274.677,2326.418,2323.818,2267.868,12111399.0,32.029,1.4
2015-03-26,2362.446,2370.295,2291.789,2270.787,16920002.0,-93.225,-3.91
2015-03-25,2364.941,2405.559,2385.014,2344.109,17105896.0,27.045,1.15
2015-03-24,2310.513,2363.055,2357.969,2253.203,19795134.0,64.32,2.8
2015-03-23,2225.848,2293.918,2293.649,2221.713,16063279.0,79.883,3.61
2015-03-20,2187.468,2232.078,2213.766,2187.013,14970050.0,29.888,1.37
2015-03-19,2184.763,2192.553,2183.878,2160.986,13173262.0,0.959,0.04
2015-03-18,2138.366,2186.023,2182.919,2124.979,14615347.0,45.457,2.13
2015-03-17,2149.369,2164.49,2137.462,2117.78,15488670.0,-5.21,-0.24
2015-03-16,2088.199,2144.777,2142.672,2088.199,15609052.0,73.6,3.56
2015-03-13,2020.656,2070.953,2069.072,2011.172,11454140.0,50.94,2.52
2015-03-12,2034.621,2054.392,2018.132,1984.914,12554152.0,-17.697,-0.87
2015-03-11,2050.76,2054.774,2035.829,2022.319,12121049.0,-9.493,-0.46
2015-03-10,2001.185,2048.302,2045.322,2001.185,11513562.0,50.932,2.55
2015-03-09,1941.42,1996.895,1994.39,1932.82,9924177.0,42.992,2.2
2015-03-06,2016.813,2018.182,1951.398,1949.287,11680900.0,-63.388,-3.15
2015-03-05,2015.703,2032.218,2014.786,1997.457,13729281.0,4.959,0.25
2015-03-04,1960.536,2011.078,2009.827,1960.536,13639178.0,48.084,2.45
2015-03-03,1987.332,2004.033,1961.743,1961.006,16073668.0,-25.243,-1.27
2015-03-02,1944.106,1987.798,1986.986,1940.32,15740468.0,58.942,3.06
2015-02-27,1880.63,1928.044,1928.044,1880.63,11591398.0,47.656,2.53
2015-02-26,1875.332,1891.782,1880.388,1847.73,10216134.0,3.643,0.19
2015-02-25,1899.389,1909.653,1876.745,1872.103,11076894.0,-17.561,-0.93
2015-02-24,1908.884,1936.071,1922.956,1908.884,202202.56,28.65,1.51
2015-02-17,1908.183,1909.906,1894.306,1873.17,9332696.0,-2.322,-0.12
2015-02-16,1836.714,1897.661,1896.628,1836.714,12084083.0,71.14,3.9
2015-02-13,1798.54,1828.235,1825.488,1796.41,9687093.0,36.679,2.05
2015-02-12,1777.216,1799.455,1788.809,1776.347,8295701.5,15.964,0.9
2015-02-11,1748.23,1783.237,1772.845,1748.23,7442504.0,25.17,1.44
2015-02-10,1707.262,1747.862,1747.675,1700.875,6188873.0,38.83,2.27
2015-02-09,1727.223,1753.5,1708.845,1702.562,7492941.5,-22.121,-1.28
2015-02-06,1772.352,1783.618,1730.966,1725.642,9614324.0,-43.346,-2.44
2015-02-05,1757.234,1809.719,1774.312,1741.959,12803030.0,16.573,0.94
2015-02-04,1753.769,1770.2,1757.739,1743.024,9854425.0,6.833,0.39
2015-02-03,1703.927,1762.728,1750.906,1703.927,10309985.0,54.077,3.19
2015-02-02,1667.119,1708.706,1696.829,1660.046,7051526.0,16.249,0.97
2015-01-30,1712.854,1721.143,1680.58,1679.692,7542110.5,-30.792,-1.8
2015-01-29,1717.398,1733.631,1711.372,1709.36,7044475.5,-20.041,-1.16
2015-01-28,1741.07,1759.003,1731.413,1727.923,9005078.0,-12.262,-0.7
2015-01-27,1742.465,1754.207,1743.675,1715.525,9485716.0,3.885,0.22
2015-01-26,1698.985,1740.366,1739.79,1698.985,8859796.0,42.502,2.5
2015-01-23,1742.087,1742.087,1697.288,1693.52,10102310.0,-46.749,-2.68
2015-01-22,1723.244,1744.082,1744.037,1716.389,11741563.0,21.456,1.25
2015-01-21,1704.101,1729.84,1722.581,1701.871,13657858.0,21.729,1.28
2015-01-20,1635.572,1700.941,1700.852,1635.572,11651173.0,70.787,4.34
2015-01-19,1608.251,1691.136,1630.065,1599.661,11434060.0,-9.49,-0.58
2015-01-16,1586.71,1641.533,1639.555,1586.636,8001356.0,53.22,3.35
2015-01-15,1584.677,1606.558,1586.335,1578.224,6413981.5,-1.672,-0.1
2015-01-14,1598.723,1605.155,1588.007,1579.554,6797307.5,-13.161,-0.82
2015-01-13,1587.691,1611.125,1601.168,1578.398,8482574.0,15.044,0.95
2015-01-12,1552.054,1587.182,1586.124,1550.62,7788308.0,32.885,2.12
2015-01-09,1535.328,1583.75,1553.239,1534.607,9200111.0,11.352,0.74
2015-01-08,1516.833,1565.774,1541.887,1516.833,8472051.0,18.5,1.21
2015-01-07,1542.4,1547.249,1523.387,1517.371,8511066.0,-16.441,-1.07
2015-01-06,1458.573,1542.151,1539.828,1454.137,11002411.0,75.054,5.12
2015-01-05,1470.578,1470.578,1464.774,1429.084,8048810.0,-6.99,-0.47
2014-12-31,1455.679,1479.856,1471.764,1451.287,6278563.0,11.656,0.8
2014-12-30,1491.1,1493.437,1460.108,1450.049,7632860.0,-39.292,-2.62
2014-12-29,1531.117,1531.117,1499.4,1491.21,8416280.0,-36.682,-2.39
2014-12-26,1531.2,1539.16,1536.082,1524.008,6024367.0,6.614,0.43
2014-12-25,1521.995,1531.636,1529.468,1514.227,5972622.5,9.67,0.64
2014-12-24,1502.667,1524.268,1519.798,1501.228,5908522.5,23.264,1.55
2014-12-23,1501.527,1543.348,1496.534,1489.118,7374960.0,-21.394,-1.41
2014-12-22,1583.955,1583.955,1517.928,1510.047,9139626.0,-78.883,-4.94
2014-12-19,1627.8,1627.8,1596.811,1568.983,8451846.0,-37.241,-2.28
2014-12-18,1641.577,1663.667,1634.052,1633.256,7890489.5,-10.16,-0.62
2014-12-17,1639.154,1652.975,1644.212,1623.696,8897670.0,-5.37,-0.33
2014-12-16,1665.298,1674.977,1649.582,1636.176,9025219.0,-7.916,-0.48
2014-12-15,1623.603,1664.26,1657.498,1619.702,10029890.0,33.929,2.09
2014-12-12,1588.241,1626.339,1623.569,1586.751,10250238.0,35.904,2.26
2014-12-11,1572.605,1593.382,1587.665,1563.315,10808212.0,14.98,0.95
2014-12-10,1499.33,1576.888,1572.685,1499.33,11645016.0,68.062,4.52
2014-12-09,1557.017,1577.748,1504.623,1504.227,13437291.0,-62.54,-3.99
2014-12-08,1575.303,1600.865,1567.163,1554.785,11905377.0,-14.744,-0.93
2014-12-05,1626.118,1626.118,1581.907,1544.465,12453165.0,-39.938,-2.46
2014-12-04,1604.891,1631.314,1621.845,1604.891,11818100.0,17.398,1.08
2014-12-03,1568.474,1604.88,1604.447,1540.423,13363363.0,39.03,2.49
2014-12-02,1554.464,1567.541,1565.417,1552.126,8125992.0,13.111,0.84
2014-12-01,1569.65,1569.65,1552.306,1544.184,8887778.0,-18.545,-1.18
2014-11-28,1562.829,1582.483,1570.851,1558.309,9557240.0,7.442,0.48
2014-11-27,1557.771,1566.834,1563.409,1548.287,7923711.5,9.189,0.59
2014-11-26,1544.687,1561.304,1554.22,1544.099,7977083.0,12.298,0.8
2014-11-25,1510.622,1541.922,1541.922,1510.247,8047757.0,34.111,2.26
2014-11-24,1513.428,1515.843,1507.811,1497.849,6760055.0,2.978,0.2
2014-11-21,1493.159,1508.217,1504.833,1493.159,5378336.0,10.242,0.69
2014-11-20,1504.584,1504.584,1494.591,1491.646,5896626.5,-10.961,-0.73
2014-11-19,1488.456,1509.728,1505.552,1488.456,5962341.0,23.692,1.6
2014-11-18,1471.082,1483.141,1481.86,1470.509,5174422.5,10.175,0.69
2014-11-17,1444.064,1474.36,1471.685,1437.992,5206731.0,30.472,2.11
2014-11-14,1438.966,1449.098,1441.213,1435.5,4424866.5,-1.646,-0.11
2014-11-13,1473.739,1473.739,1442.859,1434.269,6611010.5,-32.894,-2.23
2014-11-12,1457.239,1476.03,1475.753,1455.094,4657556.5,14.245,0.97
2014-11-11,1513.529,1514.372,1461.508,1452.032,7822258.0,-53.31,-3.52
2014-11-10,1525.198,1526.375,1514.818,1506.803,6105761.0,-7.807,-0.51
2014-11-07,1535.494,1543.717,1522.625,1517.286,7687743.0,-9.895,-0.65
2014-11-06,1513.722,1532.868,1532.52,1510.78,5793310.0,20.033,1.32
2014-11-05,1514.77,1517.015,1512.487,1505.978,5509058.0,-3.909,-0.26
2014-11-04,1531.821,1538.175,1516.396,1514.465,6341710.5,-13.496,-0.88
2014-11-03,1513.253,1529.899,1529.892,1513.199,5968475.0,16.625,1.1
2014-10-31,1527.605,1529.553,1513.267,1502.245,7055584.0,-12.5,-0.82
2014-10-30,1532.909,1539.207,1525.767,1522.637,6372165.0,-4.317,-0.28
2014-10-29,1525.983,1535.797,1530.084,1524.076,7395215.0,8.032,0.53
2014-10-28,1495.694,1522.052,1522.052,1495.694,6397386.0,30.042,2.01
2014-10-27,1473.662,1492.01,1492.01,1465.956,5325224.5,14.422,0.98
2014-10-24,1478.339,1493.527,1477.588,1473.059,4161694.75,-0.249,-0.02
2014-10-23,1500.547,1501.724,1477.837,1474.04,5499286.0,-26.715,-1.78
2014-10-22,1518.803,1524.802,1504.552,1503.817,5526244.5,-12.931,-0.85
2014-10-21,1535.066,1537.673,1517.483,1515.929,5896893.5,-14.897,-0.97
2014-10-20,1513.422,1532.38,1532.38,1513.422,4949388.0,21.326,1.41
2014-10-17,1527.457,1529.548,1511.054,1488.472,6580079.5,-15.506,-1.02
2014-10-16,1539.858,1551.842,1526.56,1526.537,6999899.0,-19.063,-1.23
2014-10-15,1539.347,1545.754,1545.623,1527.188,6510670.0,6.504,0.42
2014-10-14,1546.666,1560.059,1539.119,1532.444,7189510.5,-9.208,-0.59
2014-10-13,1548.177,1548.878,1548.327,1527.704,7501368.0,-5.89,-0.38
2014-10-10,1559.928,1563.874,1554.217,1546.223,8037671.0,-6.949,-0.45
2014-10-09,1562.102,1569.055,1561.166,1541.673,8744940.0,3.598,0.23
2014-10-08,1543.593,1557.568,1557.568,1537.01,7457259.0,16.694,1.08
2014-09-30,1527.26,1540.952,1540.874,1527.26,6685560.5,14.699,0.96
2014-09-29,1515.376,1526.363,1526.175,1515.376,7320545.0,14.818,0.98
2014-09-26,1506.313,1512.798,1511.357,1502.498,6589880.5,2.941,0.2
2014-09-25,1520.099,1523.25,1508.416,1505.651,8395692.0,-9.005,-0.59
2014-09-24,1501.039,1517.421,1517.421,1497.889,7284822.0,16.431,1.09
2014-09-23,1485.505,1502.04,1500.99,1483.037,5867363.5,17.637,1.19
2014-09-22,1496.959,1496.959,1483.353,1480.182,6547808.0,-15.771,-1.05
2014-09-19,1492.099,1501.385,1499.124,1486.283,5739032.5,8.337,0.56
2014-09-18,1477.314,1492.614,1490.787,1474.654,5775977.0,11.669,0.79
2014-09-17,1473.522,1481.064,1479.118,1456.502,6375396.5,5.988,0.41
2014-09-16,1527.065,1529.397,1473.13,1471.61,10281527.0,-53.005,-3.47
2014-09-15,1522.57,1528.57,1526.135,1517.304,8755358.0,2.014,0.13
2014-09-12,1512.397,1524.325,1524.121,1506.875,7805218.0,11.107,0.73
2014-09-11,1506.004,1532.305,1513.014,1502.389,9933643.0,8.1,0.54
2014-09-10,1491.413,1506.473,1504.914,1484.707,7241515.0,10.897,0.73
2014-09-09,1492.445,1497.424,1494.017,1479.055,7608182.5,4.182,0.28
2014-09-05,1497.992,1498.257,1489.835,1482.039,7758552.0,-5.678,-0.38
2014-09-04,1478.328,1495.811,1495.513,1472.894,9033362.0,17.84,1.21
2014-09-03,1468.093,1479.832,1477.673,1461.234,9037420.0,12.64,0.86
2014-09-02,1457.505,1465.038,1465.033,1452.707,7894489.0,12.19,0.84
2014-09-01,1428.365,1453.124,1452.843,1427.927,6008886.5,28.374,1.99
2014-08-29,1400.839,1424.469,1424.469,1400.83,4291320.0,20.674,1.47
2014-08-28,1423.343,1424.291,1403.795,1398.56,5339349.0,-16.745,-1.18
2014-08-27,1411.76,1427.315,1420.54,1411.76,5295962.0,9.39,0.67
2014-08-26,1440.704,1443.596,1411.15,1406.336,6777490.0,-32.656,-2.26
2014-08-25,1461.207,1461.492,1443.806,1439.855,7983739.0,-17.916,-1.23
2014-08-22,1450.101,1465.665,1461.722,1446.038,8606145.0,13.841,0.96
2014-08-21,1428.628,1447.912,1447.881,1421.244,7908640.0,20.477,1.44
2014-08-20,1438.288,1438.288,1427.404,1421.924,6900497.0,-8.992,-0.63
2014-08-19,1436.424,1446.792,1436.396,1427.055,9432676.0,7.657,0.54
2014-08-18,1394.638,1429.001,1428.739,1394.638,8789728.0,36.288,2.61
2014-08-15,1382.872,1392.486,1392.451,1377.932,6245268.0,12.148,0.88
2014-08-14,1384.717,1394.516,1380.303,1378.954,6046571.5,-4.006,-0.29
2014-08-13,1396.262,1397.098,1384.309,1370.077,6496260.0,-12.129,-0.87
2014-08-12,1398.148,1402.75,1396.438,1393.114,6211937.0,-1.346,-0.1
2014-08-11,1379.473,1397.969,1397.784,1379.473,6644964.0,20.339,1.48
2014-08-08,1368.06,1381.441,1377.445,1368.06,5634666.0,15.417,1.13
2014-08-07,1365.184,1381.457,1362.028,1361.333,6312172.0,-3.712,-0.27
2014-08-06,1357.528,1368.526,1365.74,1353.949,6297388.5,5.048,0.37
2014-08-05,1330.321,1363.12,1360.692,1321.203,8187878.5,30.871,2.32
2014-08-04,1325.009,1331.804,1329.821,1324.256,4450591.0,3.883,0.29
2014-08-01,1339.982,1343.581,1325.938,1324.191,5827999.5,-18.606,-1.38
2014-07-31,1342.734,1346.221,1344.544,1334.264,5111416.0,1.806,0.14
2014-07-30,1330.191,1345.347,1342.738,1329.074,5648183.0,10.974,0.82
2014-07-29,1315.749,1337.53,1331.764,1310.841,6079139.0,17.237,1.31
2014-07-28,1289.103,1316.037,1314.527,1286.66,5638570.5,28.759,2.24
2014-07-25,1271.427,1288.672,1285.768,1270.365,4254078.0,13.889,1.09
2014-07-24,1291.485,1291.485,1271.879,1255.69,5836969.0,-21.215,-1.64
2014-07-23,1330.139,1332.362,1293.094,1287.644,5764229.0,-36.255,-2.73
2014-07-22,1306.317,1330.291,1329.349,1305.027,5221611.0,22.384,1.71
2014-07-21,1304.721,1313.557,1306.965,1287.235,4751454.0,1.043,0.08
2014-07-18,1309.957,1321.928,1305.922,1300.757,4258228.0,-6.887,-0.53
2014-07-17,1315.093,1323.238,1312.809,1304.579,4655989.5,-5.806,-0.44
2014-07-16,1338.921,1344.364,1318.615,1310.861,6365693.0,-22.654,-1.69
2014-07-15,1364.081,1366.163,1341.269,1332.874,6879634.5,-25.801,-1.89
2014-07-14,1358.173,1367.818,1367.07,1342.564,6850127.5,7.728,0.57
2014-07-11,1361.569,1372.124,1359.342,1351.77,5975015.5,-4.54,-0.33
2014-07-10,1384.454,1387.889,1363.882,1362.352,6647833.0,-20.697,-1.5
2014-07-09,1410.393,1418.682,1384.579,1384.256,8070078.5,-26.146,-1.85
2014-07-08,1392.347,1410.725,1410.725,1379.493,7016326.0,16.836,1.21
2014-07-07,1411.989,1411.989,1393.889,1381.941,7084421.5,-17.749,-1.26
2014-07-04,1421.677,1423.89,1411.638,1406.207,7316971.0,-10.965,-0.77
2014-07-03,1419.814,1428.672,1422.603,1412.155,8500083.0,2.666,0.19
2014-07-02,1413.173,1425.297,1419.937,1402.217,6868491.0,8.201,0.58
2014-07-01,1405.439,1415.331,1411.736,1398.148,6717447.0,7.026,0.5
2014-06-30,1388.474,1404.71,1404.71,1374.298,6949853.5,15.895,1.15
2014-06-27,1388.38,1397.965,1388.815,1382.071,6332964.0,2.542,0.18
2014-06-26,1360.199,1391.295,1386.273,1360.199,6215073.0,27.565,2.03
2014-06-25,1368.664,1368.664,1358.708,1347.819,4691084.0,-10.731,-0.78
2014-06-24,1360.078,1372.155,1369.439,1359.13,4984335.0,8.156,0.6
2014-06-23,1335.18,1366.591,1361.283,1335.18,5181034.0,27.301,2.05
2014-06-20,1319.108,1335.646,1333.982,1313.139,4306847.0,13.327,1.01
2014-06-19,1363.453,1370.31,1320.655,1310.492,6169263.0,-43.336,-3.18
2014-06-18,1377.577,1384.866,1363.991,1363.749,5369211.5,-13.44,-0.98
2014-06-17,1396.38,1396.38,1377.431,1377.404,6155892.0,-18.18,-1.3
2014-06-16,1384.157,1397.63,1395.611,1384.157,7087250.5,12.878,0.93
2014-06-13,1361.087,1386.348,1382.733,1359.652,6785669.0,18.994,1.39
2014-06-12,1364.414,1375.975,1363.739,1358.083,6252621.0,-3.649,-0.27
2014-06-11,1350.375,1371.246,1367.388,1348.404,6386047.5,13.517,1.0
2014-06-10,1327.105,1356.967,1353.871,1316.84,6258185.0,27.196,2.05
2014-06-09,1348.765,1349.915,1326.675,1326.629,5076008.5,-23.772,-1.76
2014-06-06,1354.905,1362.978,1350.447,1340.826,6391925.5,-5.035,-0.37
2014-06-05,1320.143,1356.531,1355.482,1317.532,6996637.0,33.764,2.56
2014-06-04,1318.327,1321.718,1321.718,1303.364,5190901.0,2.093,0.16
2014-06-03,1317.99,1332.783,1319.625,1317.99,4731119.0,1.498,0.11
2014-05-30,1312.303,1323.594,1318.127,1300.092,4542102.0,3.915,0.3
2014-05-29,1338.299,1341.574,1314.212,1312.421,4997244.0,-24.759,-1.85
2014-05-28,1306.285,1339.032,1338.971,1306.285,6178722.0,32.687,2.5
2014-05-27,1319.664,1319.664,1306.284,1303.148,4551054.0,-14.475,-1.1
2014-05-26,1301.865,1323.843,1320.759,1301.865,6025381.5,24.761,1.91
2014-05-23,1269.176,1296.835,1295.998,1262.102,4643110.5,26.485,2.09
2014-05-22,1259.874,1287.87,1269.513,1259.874,4370131.0,11.717,0.93
2014-05-21,1241.017,1257.796,1257.796,1231.865,2859746.75,13.149,1.06
2014-05-20,1239.65,1261.943,1244.647,1239.65,3442952.75,16.276,1.32
2014-05-19,1224.649,1233.84,1228.371,1213.991,2679088.75,1.898,0.15
2014-05-16,1250.375,1252.387,1226.473,1210.812,3474926.25,-27.406,-2.19
2014-05-15,1276.642,1283.429,1253.879,1253.616,3355680.5,-24.782,-1.94
2014-05-14,1273.207,1282.345,1278.661,1269.241,2602917.75,2.417,0.19
2014-05-13,1274.57,1293.818,1276.244,1273.328,3152614.25,-2.038,-0.16
2014-05-12,1263.915,1281.097,1278.282,1250.942,3196732.75,19.698,1.56
2014-05-09,1279.678,1282.82,1258.466,1249.564,2350492.25,-21.371,-1.67
2014-05-08,1284.438,1300.829,1279.837,1279.292,2677583.25,-10.188,-0.79
2014-05-07,1313.377,1313.377,1290.025,1289.562,3029027.0,-26.833,-2.04
2014-05-06,1301.594,1327.799,1316.858,1301.594,3426177.25,14.712,1.13
2014-05-05,1281.163,1302.675,1302.146,1279.31,2650564.5,18.937,1.48
2014-04-30,1266.344,1287.768,1283.209,1266.344,2729920.25,16.666,1.32
2014-04-29,1253.237,1274.207,1266.543,1248.318,2702526.0,9.28,0.74
2014-04-28,1283.639,1283.866,1257.263,1256.123,3288093.0,-34.64,-2.68
2014-04-25,1316.374,1318.067,1291.903,1290.356,2849979.0,-27.602,-2.09
2014-04-24,1325.856,1326.959,1319.505,1303.228,3180701.5,-6.933,-0.52
2014-04-23,1332.93,1338.67,1326.438,1318.235,2958990.25,-9.749,-0.73
2014-04-22,1361.578,1367.63,1336.187,1317.102,3667130.5,-27.664,-2.03
2014-04-21,1367.927,1384.685,1363.851,1363.008,3524365.5,-13.568,-0.98
2014-04-18,1365.357,1377.842,1377.419,1362.613,3052558.0,9.828,0.72
2014-04-17,1360.749,1373.848,1367.591,1360.749,2834631.0,8.287,0.61
2014-04-16,1365.831,1367.91,1359.304,1353.777,2601784.0,-10.585,-0.77
2014-04-15,1375.693,1380.863,1369.889,1367.227,3358859.0,-2.839,-0.21
2014-04-14,1367.746,1378.321,1372.728,1367.746,3350384.0,8.829,0.65
2014-04-11,1370.398,1370.398,1363.899,1352.129,3510937.25,-17.243,-1.25
2014-04-10,1374.612,1395.036,1381.142,1374.612,4708382.5,10.68,0.78
2014-04-09,1355.366,1376.694,1370.462,1355.366,4088731.75,19.279,1.43
2014-04-08,1335.392,1351.827,1351.183,1327.799,3794370.75,4.445,0.33
2014-04-04,1323.413,1347.053,1346.738,1316.949,2770356.25,20.562,1.55
2014-04-03,1326.809,1344.318,1326.176,1318.823,3019843.0,-1.807,-0.14
2014-04-02,1356.679,1360.883,1327.983,1316.903,3245949.5,-27.068,-2.0
2014-04-01,1327.175,1355.735,1355.051,1326.248,3114187.5,27.251,2.05
2014-03-31,1327.234,1340.47,1327.8,1315.492,2827274.0,-2.7,-0.2
2014-03-28,1363.873,1364.257,1330.5,1317.412,4579607.0,-37.464,-2.74
2014-03-27,1415.551,1417.358,1367.964,1367.964,4085539.25,-49.65,-3.5
2014-03-26,1396.907,1424.254,1417.614,1396.907,3874384.5,22.79,1.63
2014-03-25,1392.143,1410.478,1394.824,1385.003,3099488.75,-2.47,-0.18
2014-03-24,1411.776,1416.858,1397.294,1392.511,3925648.75,-22.546,-1.59
2014-03-21,1405.9,1427.923,1419.84,1379.739,4461097.0,2.182,0.15
2014-03-20,1463.072,1466.415,1417.658,1417.17,4678306.0,-48.559,-3.31
2014-03-19,1481.493,1482.302,1466.217,1456.898,4188301.25,-19.423,-1.31
2014-03-18,1479.38,1493.392,1485.64,1478.721,4848273.5,8.225,0.56
2014-03-17,1436.105,1477.68,1477.415,1435.32,3803460.0,43.394,3.03
2014-03-14,1433.463,1450.383,1434.021,1424.008,3261496.5,-2.835,-0.2
2014-03-13,1401.549,1437.148,1436.856,1401.431,3438719.0,37.59,2.69
2014-03-12,1390.86,1418.612,1399.266,1378.89,4515111.0,3.453,0.25
2014-03-11,1399.9,1410.382,1395.813,1380.967,4148921.25,-11.26,-0.8
2014-03-10,1446.063,1446.063,1407.073,1404.586,5040936.5,-53.538,-3.67
